Qui,URL,Année,Titre,Non-applicable,Appliquée,Déductible,Non-déductible,,Commentaires,en,de,fr,ja,zh,pt,ar,ko,uk,es,pl,ru,cs,fi,th,syr,sv,nl,wbp,it,hr,hch,tr,ro,hi,ur,ha,he,vi
KF,http://talnarchives.atala.org/TALN/TALN-2009/taln-2009-long-029.pdf,2009,"Vers une méthodologie d’annotation des entités nommées encorpus ?",fr,x,,,,,,,,,,,,,,,,,,,,,,,,
YL,http://talnarchives.atala.org/TALN/TALN-2000/taln-2000-long-009.pdf,2000,"Vers un apprentissage en TALN dépendant du type de texte",fr,,,x,,,,x,,,,,,,,,,,,,,,,,,
FD,http://talnarchives.atala.org/TALN/TALN-2000/taln-2000-long-015.pdf,2000,"Recherche d'informations dans un environnement distribué",fr,,x,,,,,x,,,,,,,,,,,,,,,,,,
FD,http://talnarchives.atala.org/TALN/TALN-2000/taln-2000-long-016.pdf,2000," Outils génériques et transfert hybride pour la traduction automatique sur Internet ",fr,,x,,,,x,x,x,x,,,,,,,,,,,,,,,,
FD,http://talnarchives.atala.org/TALN/TALN-2000/taln-2000-long-018.pdf,2000," Le paradigme monodimensionnel dans l'expression de l'espace et du déplacement ",fr,,,,x,,x,,,,,,,,,,,,,,,,,,,
FD,http://talnarchives.atala.org/TALN/TALN-2000/taln-2000-long-019.pdf,2000," Le rôle des contraintes dans les théories linguistiques et leur intérêt pour l'analyse automatique ",fr,x,,,,"théorique, qq phrases d'ex en fr/ang",,,,,,,,,,,,,,,,,,,,
FD,http://talnarchives.atala.org/TALN/TALN-2000/taln-2000-long-021.pdf,2000,"Des grammaires formelles pour définir une correspondance",fr,x,,,,,,,,,,,,,,,,,,,,,,,,
FD,http://talnarchives.atala.org/TALN/TALN-2001/taln-2001-long-001.pdf,2001,"Un corpus français arboré : quelques interrogations",fr,,x,,,,x,,,,,,,,,,,,,,,,,,,
FD,http://talnarchives.atala.org/TALN/TALN-2001/taln-2001-long-002.pdf,2001," Représenter le temps en langue dans le formalisme des graphes conceptuels une approche basée sur les schèmes sémantico-cognitifs ",fr,,x,,,"""fr"" seulement mentionné dans résumé",x,,,,,,,,,,,,,,,,,,,
FD,http://talnarchives.atala.org/TALN/TALN-2001/taln-2001-long-003.pdf,2001," Aides à l'analyse pour la construction de banque d’arbres : étude de l'effort ",fr,,x,,,,,,,,x,,,,,,,,,,,,,,,
FD,http://talnarchives.atala.org/TALN/TALN-2001/taln-2001-long-004.pdf,2001," Atelier ATOLL pour les grammaires d’arbres adjoints ",fr,x,,,,"concept général mais appliqué sur un ex fr pour illustrer",,,,,,,,,,,,,,,,,,,,
FD,http://talnarchives.atala.org/TALN/TALN-2001/taln-2001-long-005.pdf,2001," Modèle d’exploration contextuelle pour l’analyse sémantique de textes ",fr,x,,,,"présentation modèle+logiciel (mais ex que fr et interface en fr?)",,,,,,,,,,,,,,,,,,,,
FD,http://talnarchives.atala.org/TALN/TALN-2001/taln-2001-long-006.pdf,2001,"Intégration probabiliste de sens dans la représentation de textes",fr,,,x,,"L""a"" Monde (ou non-applicable)",x,,,,,,,,,,,,,,,,,,,
FD,http://talnarchives.atala.org/TALN/TALN-2002/taln-2002-long-001.pdf,2002,"Analyse Factorielle Neuronale pour Documents Textuels",fr,,x,,,,x,,,,,,,,,,,,,,,,,,,
FD,http://talnarchives.atala.org/TALN/TALN-2002/taln-2002-long-002.pdf,2002," Ressources terminologiques et traduction probabiliste: premiers pas positifs vers un système adaptatif ",fr,,x,,,,x,x,,,,,,,,,,,,,,,,,,
FD,http://talnarchives.atala.org/TALN/TALN-2002/taln-2002-long-003.pdf,2002," Accentuation de mots inconnus : application au thesaurus biomédical MeSH ",fr,,x,,,,x,,,,,,,,,,,,,,,,,,,
FD,http://talnarchives.atala.org/TALN/TALN-2002/taln-2002-long-004.pdf,2002," Une méthode pour l'analyse descendante et calculatoire de corpus multilingues : application au calcul des relations sujet-verbe ",fr,,x,,,,x,x,x,x,,,,,,x,,,,,,,,,,
FD,http://talnarchives.atala.org/TALN/TALN-2002/taln-2002-long-005.pdf,2002," UPERY : un outil d'analyse distributionnelle étendue pour la construction d’ontologies à partir de corpus ",fr,,,x,,"""fr"" seulement dans liste corpus ""code civil fr""",x,,,,,,,,,,,,,,,,,,,
FD,http://talnarchives.atala.org/TALN/TALN-2002/taln-2002-long-006.pdf,2002,"Construire des analyseurs avec DyALog",fr,,x,,,,x,,,,,,,,,,,,,,,,,,,
FD,http://talnarchives.atala.org/TALN/TALN-2003/taln-2003-long-001.pdf,2003,"Quand le TAL robuste s'attaque au langage parlé : analyse incrémentale pour la compréhension de la parole spontanée",fr,,,,x,"seulement exemples cités (italique) en français",x,,,,,,,,,,,,,,,,,,,
FD,http://talnarchives.atala.org/TALN/TALN-2003/taln-2003-long-002.pdf,2003," Etude des critères de désambiguïsation sémantique automatique : résultats sur les cooccurrences ",fr,,x,,,,x,,,,,,,,,,,,,,,,,,,
FD,http://talnarchives.atala.org/TALN/TALN-2003/taln-2003-long-003.pdf,2003," Nouvelle approche de la sélection de vocabulaire pour la détection de thème ",fr,,,x,,"corpus : ""Le Monde"" (+ ex en fr)",x,,,,,,,,,,,,,,,,,,,
FD,http://talnarchives.atala.org/TALN/TALN-2003/taln-2003-long-004.pdf,2003," Classification automatique de textes à partir de leur analyse syntaxico-sémantique ",fr,,x,,,,x,,,,,,,,,,,,,,,,,,,
FD,http://talnarchives.atala.org/TALN/TALN-2003/taln-2003-long-005.pdf,2003," Extraction de couples nom-verbe sémantiquement liés : une technique symbolique automatique ",fr,,,,x,"corpus MATRA-CCR Aérospatiale (assez connu pour être déductible ?)",x,,,,,,,,,,,,,,,,,,,
FD,http://talnarchives.atala.org/TALN/TALN-2003/taln-2003-long-006.pdf,2003,"Une plate-forme de conception et d'exploitation d'une grammaire d'arbres adjoints lexicalisés",fr,x,,,,,,,,,,,,,,,,,,,,,,,,
FD,http://talnarchives.atala.org/TALN/TALN-2004/taln-2004-long-001.pdf,2004,"Evaluation de méthodes de segmentation thématique linéaire non supervisées après adaptation au français ",fr,,x,,,,x,x,,,,,,,,,,,,,,,,,,
FD,http://talnarchives.atala.org/TALN/TALN-2004/taln-2004-long-002.pdf,2004," Ambiguïté de rattachement prépositionnel : introduction de ressources exogènes de sous-catégorisation dans un analyseur syntaxique de corpus endogène ",fr,,x,,,,x,,,,,,,,,,,,,,,,,,,
FD,http://talnarchives.atala.org/TALN/TALN-2004/taln-2004-long-003.pdf,2004," Vers un statut de l’arbre de dérivation : exemples de construction de representations sémantiques pour les Grammaires d’Arbres Adjoints ",fr,x,,,,"définitions et concept général mais 1 phrase d'ex fr utilisée plusieurs fois",,,,,,,,,,,,,,,,,,,,
FD,http://talnarchives.atala.org/TALN/TALN-2004/taln-2004-long-004.pdf,2004," Extension de requêtes par lien sémantique nom-verbe acquis sur corpus ",fr,,,x,,"Le Monde",x,,,,,,,,,,,,,,,,,,,
FD,http://talnarchives.atala.org/TALN/TALN-2004/taln-2004-long-005.pdf,2004," Découvrir des sens de mots à partir d’un réseau de cooccurrences lexicales ",fr,,x,,,,x,x,,,,,,,,,,,,,,,,,,
FD,http://talnarchives.atala.org/TALN/TALN-2004/taln-2004-long-006.pdf,2004,"Désambiguïsation par proximité structurelle",fr,,,x,,"dictionnaire Le Robert (pas dans LREmap)",x,,,,,,,,,,,,,,,,,,,
FD,http://talnarchives.atala.org/TALN/TALN-2005/taln-2005-long-001.pdf,2005,"Comment obtenir plus des Méta-Grammaires ",fr,,x,,,,x,,,,,,,,,,,,,,,,,,,
FD,http://talnarchives.atala.org/TALN/TALN-2005/taln-2005-long-002.pdf,2005," XMG : un Compilateur de Méta-Grammaires Extensible ",fr,x,,,,,,,,,,,,,,,,,,,,,,,,
FD,http://talnarchives.atala.org/TALN/TALN-2005/taln-2005-long-003.pdf,2005," Grammaire d'Unification Sens-Texte : modularité et polarisation ",fr,,,,x,,x,,,,,,,,,,,,,,,,,,,
FD,http://talnarchives.atala.org/TALN/TALN-2005/taln-2005-long-004.pdf,2005," Indexation Sémantique par Coupes de Redondance Minimale dans une Ontologie ",fr,,,x,,"noms des ressources (dont ""dictionnaire des mots anglais"")",,x,,,,,,,,,,,,,,,,,,
FD,http://talnarchives.atala.org/TALN/TALN-2005/taln-2005-long-005.pdf,2005," Recherche en corpus de réponses à des questions définitoires ",fr,,x,,,,x,,,,,,,,,,,,,,,,,,,
FD,http://talnarchives.atala.org/TALN/TALN-2005/taln-2005-long-006.pdf,2005,"QRISTAL, système de Questions-Réponses",fr,,x,,,,x,x,,x,,x,x,,,,,,,,,,,,,
FD,http://talnarchives.atala.org/TALN/TALN-2006/taln-2006-long-002.pdf,2006,"Traitement de la polysémie lexicale dans un but de traduction ",fr,,x,,,,,x,,,,,,,,,,,x,,,,,,,
FD,http://talnarchives.atala.org/TALN/TALN-2006/taln-2006-long-003.pdf,2006," Un analyseur morphologique multi-niveaux utilisant la jointure ",fr,,x,,,,,,,,,,,,,,,,,x,,,,,,
FD,http://talnarchives.atala.org/TALN/TALN-2006/taln-2006-long-004.pdf,2006," Analyse quantitative et statistique de la sémantique dans un corpus technique ",fr,,x,,,,x,,,,,,,,,,,,,,,,,,,
FD,http://talnarchives.atala.org/TALN/TALN-2006/taln-2006-long-005.pdf,2006," Outilex, plate-forme logicielle de traitement de textes écrits ",fr,,x,,,,x,x,,,,,,,,,,,,,,,,,,
FD,http://talnarchives.atala.org/TALN/TALN-2006/taln-2006-long-006.pdf,2006," Une grammaire multilingue partagée pour la traduction automatique de la parole ",fr,,x,,,,x,,,,,,,,,,,,,,x,,,,,
FD,http://talnarchives.atala.org/TALN/TALN-2006/taln-2006-long-007.pdf,2006,"Prise en compte des disfluences dans un système d'analyse syntaxique automatique de l'oral",fr,,,,x,"""projet de France Télécom""",x,,,,,,,,,,,,,,,,,,,
FD,http://talnarchives.atala.org/TALN/TALN-2007/taln-2007-long-002.pdf,2007,"Énergie textuelle de mémoires associatives ",fr,,x,,,,x,x,,,,,,,,,,,,,,,,,,
FD,http://talnarchives.atala.org/TALN/TALN-2007/taln-2007-long-003.pdf,2007," Une expérience d’extraction de relations sémantiques à partir de textes dans le domaine médical ",fr,,x,,,,x,,,,,,,,,,,,,,,,,,,
FD,http://talnarchives.atala.org/TALN/TALN-2007/taln-2007-long-004.pdf,2007," Identifier les pronoms anaphoriques et trouver leurs antécédents : l’intérêt de la classification bayésienne ",fr,,x,,,,,x,,,,,,,,,,,,,,,,,,
FD,http://talnarchives.atala.org/TALN/TALN-2007/taln-2007-long-005.pdf,2007," Régler les règles d’analyse morphologique ",fr,,x,,,,,,,x,,,,,,,,,,,,,,,,
FD,http://talnarchives.atala.org/TALN/TALN-2007/taln-2007-long-006.pdf,2007," Structures de traits typées et morphologie à partitions ",fr,x,,,,"même si ex fr",,,,,,,,,,,,,,,,,,,,
FD,http://talnarchives.atala.org/TALN/TALN-2007/taln-2007-long-007.pdf,2007,"Analyse morphosémantique des composés savants : transposition du français à l'anglais",fr,,x,,,,x,x,,,,,,,,,,,,,,,,,,
FD,http://talnarchives.atala.org/TALN/TALN-2008/taln-2008-long-002.pdf,2008,"Réécriture et Détection d’Implication Textuelle ",fr,,x,,,,,x,,,,,,,,,,,,,,,,,,
FD,http://talnarchives.atala.org/TALN/TALN-2008/taln-2008-long-003.pdf,2008," Représentation algébrique des expressions calendaires et vue calendaire d’un texte ",fr,,x,,,,x,,,,,,,,,,,,,,,,,,,
FD,http://talnarchives.atala.org/TALN/TALN-2008/taln-2008-long-004.pdf,2008," Annotation d’expressions temporelles et d’événements en français ",fr,,x,,,,x,,,,,,,,,,,,,,,,,,,
FD,http://talnarchives.atala.org/TALN/TALN-2008/taln-2008-long-005.pdf,2008," Un modèle multi-sources pour la segmentation en sujets de journaux radiophoniques ",fr,,,x,,"corpus ESTER, France inter/info",x,,,,,,,,,,,,,,,,,,,
FD,http://talnarchives.atala.org/TALN/TALN-2008/taln-2008-long-006.pdf,2008," Extraction automatique d'informations à partir de micro-textes non structurés ",fr,,,,x,"corpus ""fourni par société SEMANTIA"" + ang/fr mentionnés mais en conclusion, dans perspectives",x,x,,,,,,,,,,,,,,,,,,
FD,http://talnarchives.atala.org/TALN/TALN-2008/taln-2008-long-007.pdf,2008,"Quelles combinaisons de scores et de critères numériques pour un système de Questions/Réponses ?",fr,x,,,,,,,,,,,,,,,,,,,,,,,,
FD,http://talnarchives.atala.org/TALN/TALN-2009/taln-2009-long-001.pdf,2009,"Acquisition morphologique à partir d’un dictionnaire informatisé ",fr,,x,,,,x,,,,,,,,,,,,,,,,,,,
FD,http://talnarchives.atala.org/TALN/TALN-2009/taln-2009-long-002.pdf,2009," Analyse déductive pour les grammaires d’interaction ",fr,x,,,,,,,,,,,,,,,,,,,,,,,,
FD,http://talnarchives.atala.org/TALN/TALN-2009/taln-2009-long-003.pdf,2009," Analyse syntaxique en dépendances de l’oral spontané ",fr,,x,,,,x,,,,,,,,,,,,,,,,,,,
FD,http://talnarchives.atala.org/TALN/TALN-2009/taln-2009-long-004.pdf,2009," Analyse syntaxique du français : des constituants aux dépendances ",fr,,x,,,,x,,,,,,,,,,,,,,,,,,,
FD,http://talnarchives.atala.org/TALN/TALN-2009/taln-2009-long-005.pdf,2009," Annotation fonctionnelle de corpus arborés avec des Champs Aléatoires Conditionnels ",fr,,x,,,,x,,,,,,,,,,,,,,,,,,,
FD,http://talnarchives.atala.org/TALN/TALN-2009/taln-2009-long-006.pdf,2009,"Apport d'un corpus comparable déséquilibré à l'extraction de lexiques bilingues",fr,,x,,,,x,x,,,,,,,,,,,,,,,,,,
FD,http://talnarchives.atala.org/TALN/TALN-2010/taln-2010-long-001.pdf,2010,"Adaptation d’un Système de Traduction Automatique Statistique avec des Ressources monolingues ",fr,,x,,,,x,x,,,,,,,,,,,,,,x,,,,
FD,http://talnarchives.atala.org/TALN/TALN-2010/taln-2010-long-002.pdf,2010," Alignement de traductions rares à l’aide de paires de phrases non alignées ",fr,,x,,,,x,x,,,,,,,,,,,,,,,,,,
FD,http://talnarchives.atala.org/TALN/TALN-2010/taln-2010-long-003.pdf,2010," Exploitation d’une ressource lexicale pour la construction d’un étiqueteur morpho-syntaxique état-de-l’art du français ",fr,,x,,,,x,,,,,,,,,,,,,,,,,,,
FD,http://talnarchives.atala.org/TALN/TALN-2010/taln-2010-long-004.pdf,2010," Similarité sémantique et extraction de synonymes à partir de corpus ",fr,,x,,,,,x,,,,,,,,,,,,,,,,,,
FD,http://talnarchives.atala.org/TALN/TALN-2010/taln-2010-long-005.pdf,2010," Au-delà de la paire de mots : extraction de cooccurrences syntaxiques multilexémiques ",fr,,x,,,"""fr"" seulement 1x dans présentation Antidote alors que dès résumé anglais",x,,,,,,,,,,,,,,,,,,,
FD,http://talnarchives.atala.org/TALN/TALN-2010/taln-2010-long-006.pdf,2010,"Une approche cognitive de la fouille de grandes collections de documents",fr,,,x,,"TREC, NYT",,x,,,,,,,,,,,,,,,,,,
FD,http://talnarchives.atala.org/TALN/TALN-2011/taln-2011-long-001.pdf,2011,"Patrons de phrase, raccourcis pour apprendre rapidement à parler une nouvelle langue ",fr,,x,,,,x,x,,,x,,,,,,,,,,,,x,,,
FD,http://talnarchives.atala.org/TALN/TALN-2011/taln-2011-long-002.pdf,2011," Génération automatique de motifs de détection d'entités nommées en utilisant des contenus encyclopédiques ",fr,,x,,,,x,x,x,x,,,x,,,x,,,,,,,,,,
FD,http://talnarchives.atala.org/TALN/TALN-2011/taln-2011-long-003.pdf,2011," Approche de construction automatique de titres courts par des méthodes de Fouille du Web ",fr,,x,,,,x,,,,,,,,,,,,,,,,,,,
FD,http://talnarchives.atala.org/TALN/TALN-2011/taln-2011-long-004.pdf,2011," Une approche faiblement supervisée pour l'extraction de relations à large échelle ",fr,,x,,,,,x,,,,,,,,,,,,,,,,,,
FD,http://talnarchives.atala.org/TALN/TALN-2011/taln-2011-long-005.pdf,2011," Utilisation d'un score de qualité de traduction pour le résumé multi-document cross-lingue ",fr,,x,,,,x,x,,,,,,,,,,,,,,,,,,
FD,http://talnarchives.atala.org/TALN/TALN-2011/taln-2011-long-006.pdf,2011,"Accès au contenu sémantique en  langue de spécialité : extraction des prescriptions et concepts médicaux",fr,,x,,,,x,x,,,,,,,,,,,,,,,,,,
FD,http://talnarchives.atala.org/TALN/TALN-2012/taln-2012-long-001.pdf,2012,"Simplification de phrases pour l'extraction de relations ",fr,,,,x,"""corpus provien[t] Etats-Unis"" + exemples de mots en anglais",,x,,,,,,,,,,,,,,,,,,
FD,http://talnarchives.atala.org/TALN/TALN-2012/taln-2012-long-002.pdf,2012,"Extraction d'information automatique en domaine médical par projection inter-langue : vers un passage à l'échelle ",fr,,x,,,,x,x,,,,,,,,,,,,,,,,,,
FD,http://talnarchives.atala.org/TALN/TALN-2012/taln-2012-long-003.pdf,2012," Une méthode d'extraction d'information fondée sur les graphes pour le remplissage de formulaires ",fr,,x,,,,x,,,,,,,,,,,,,,,,,,,
FD,http://talnarchives.atala.org/TALN/TALN-2012/taln-2012-long-004.pdf,2012," Traitement automatique sur corpus de récits de voyages pyrénéens : Une analyse syntaxique, sémantique et temporelle ",fr,,x,,,,x,,,,,,,,,,,,,,,,,,,
FD,http://talnarchives.atala.org/TALN/TALN-2012/taln-2012-long-005.pdf,2012," La reconnaissance des mots composés à l'épreuve de l'analyse syntaxique et vice-versa : évaluation de deux stratégies discriminantes ",fr,,x,,,,x,,,,,,,,,,,,,,,,,,,
FD,http://talnarchives.atala.org/TALN/TALN-2012/taln-2012-long-006.pdf,2012,"Calcul des cadres de sous-catégorisation des noms déverbaux franças (le cas du génitif)",fr,,x,,,,x,,,,,,,,,,,,,,,,,,,
FD,http://talnarchives.atala.org/TALN/TALN-2013/taln-2013-long-001.pdf,2013,"Analyse Automatique de la Morphologie Nominale Amazighe ",fr,,x,,,,,,,,,,,,,,,,,,,,,x,,
FD,http://talnarchives.atala.org/TALN/TALN-2013/taln-2013-long-002.pdf,2013," Apprentissage symbolique et statistique pour le chunking:comparaison et combinaisons ",fr,,x,,,,x,,,,,,,,,,,,,,,,,,,
FD,http://talnarchives.atala.org/TALN/TALN-2013/taln-2013-long-003.pdf,2013," L’utilisation des POMDP pour les résumés multi-documents orientés par une thématique ",fr,,,x,,"corpus AQUAINT (Associated Press, New York Times, Xinhua News Agency)",,x,,,,,,,,,,,,,,,,,,
FD,http://talnarchives.atala.org/TALN/TALN-2013/taln-2013-long-004.pdf,2013," Sélection non supervisée de relations sémantiques pour améliorer un thésaurus distributionnel ",fr,,x,,,,,x,,,,,,,,,,,,,,,,,,
FD,http://talnarchives.atala.org/TALN/TALN-2013/taln-2013-long-005.pdf,2013," Groupement de termes basé sur des régularités linguistiques et sémantiques dans un contexte cross-langue ",fr,,x,,,,x,x,,,,,,,,,,,,,,,,,,
FD,http://talnarchives.atala.org/TALN/TALN-2013/taln-2013-long-006.pdf,2013,"WoNeF : amélioration, extension et évaluation d'une traduction française automatique de WordNet",fr,,x,,,,x,x,,,,,,,,,,,,,,,,,,
FD,http://talnarchives.atala.org/TALN/TALN-2014/taln-2014-long-001.pdf,2014," Influence des marqueurs multi-polaires dépendant du domaine pour la fouille d’opinion au niveau du texte ",fr,,x,,,,x,x,,,,,,,,,,,,,,,,,,
FD,http://talnarchives.atala.org/TALN/TALN-2014/taln-2014-long-002.pdf,2014," Influence des domaines de spécialité dans l’extraction de termes-clés ",fr,,x,,,,x,,,,,,,,,,,,,,,,,,,
FD,http://talnarchives.atala.org/TALN/TALN-2014/taln-2014-long-003.pdf,2014," Étiquetage en rôles événementiels fondé sur l’utilisation d’un modèle neuronal ",fr,,,x,,"MUC-4, WordNet, ex anglais",,x,,,,,,,,,,,,,,,,,,
FD,http://talnarchives.atala.org/TALN/TALN-2014/taln-2014-long-004.pdf,2014," Utilisation de représentations de mots pour l’étiquetage de rôles sémantiques suivant FrameNet ",fr,,x,,,"""anglais"" seulement 1x dans résumé (sinon bcp ""FrameNet"")",,x,,,,,,,,,,,,,,,,,,
FD,http://talnarchives.atala.org/TALN/TALN-2014/taln-2014-long-006.pdf,2014," Améliorer l’étiquetage de “que” par les descripteurs ciblés et les règles ",fr,,x,,,,x,,,,,,,,,,,,,,,,,,,
FD,http://talnarchives.atala.org/TALN/TALN-2014/taln-2014-long-007.pdf,2014,"Jouer avec des analyseurs syntaxiques",fr,,x,,,,x,,,,,,,x,,,,,,,,,,,,
FD,http://talnarchives.atala.org/TALN/TALN-2015/taln-2015-long-001.pdf,2015," Apprentissage par imitation pour l'étiquetage de séquences : vers une formalisation des méthodes d'étiquetage « easy-first » ",fr,,x,,,,,x,,,,,,,,,,,,,,,,,,
FD,http://talnarchives.atala.org/TALN/TALN-2015/taln-2015-long-002.pdf,2015," Stratégies de sélection des exemples pour l'apprentissage actif avec des champs aléatoires conditionnels ",fr,,x,,,,x,,,,,,,,,,,,,,,,,,,
FD,http://talnarchives.atala.org/TALN/TALN-2015/taln-2015-long-003.pdf,2015," Identification de facteurs de risque pour des patients diabétiques à partir de comptes-rendus cliniques par des approches hybrides ",fr,,x,,,,,x,,,,,,,,,,,,,,,,,,
FD,http://talnarchives.atala.org/TALN/TALN-2015/taln-2015-long-004.pdf,2015," Oublier ce qu'on sait, pour mieux apprendre ce qu'on ne sait pas : une étude sur les contraintes de type dans les modèles CRF ",fr,,x,,,"anglais-all mentionnés, mais fr seulement déductible ""Wiktionnaire""",x,x,x,,,,,,,,,,,,,,,,,
FD,http://talnarchives.atala.org/TALN/TALN-2015/taln-2015-long-005.pdf,2015," Analyse d'expressions temporelles dans les dossiers électroniques patients ",fr,,x,,,,x,,,,,,,,,,,,,,,,,,,
FD,http://talnarchives.atala.org/TALN/TALN-2015/taln-2015-long-006.pdf,2015,"Compréhension automatique de la parole sans données de référence",fr,,x,,,,,x,,,,,,,,,,,,,,,,,,
FD,http://talnarchives.atala.org/TALN/TALN-2016/8.pdf,2016," Apprentissage d’analyseur en dépendances cross-lingue par projection partielle de dépendances ",fr,,x,,,,x,x,x,x,,,,,,x,x,,,,,,,,,
FD,http://talnarchives.atala.org/TALN/TALN-2016/37.pdf,2016," Bleu, contusion, ecchymose : tri automatique de synonymes en fonction de leur difficulté de lecture et compréhension ",fr,,x,,,,x,,,,,,,,,,,,,,,,,,,
FD,http://talnarchives.atala.org/TALN/TALN-2016/29.pdf,2016," Comparaison d'approches de classification automatique des actes de dialogue dans un corpus de conversations écrites en ligne sur différentes modalités ",fr,,x,,,,x,,,,,,,,,,,,,,,,,,,
FD,http://talnarchives.atala.org/TALN/TALN-2016/12.pdf,2016," Construire un lexique de sentiments par crowdsourcing et propagation ",fr,,x,,,,x,,,,,,,,,,,,,,,,,,,
FD,http://talnarchives.atala.org/TALN/TALN-2016/26.pdf,2016," Détection de concepts pertinents pour le résumé automatique de conversations par recombinaison de patrons ",fr,,,x,,"corpus RATP-DECODA (+ ""Paris"")",x,,,,,,,,,,,,,,,,,,,
FD,http://talnarchives.atala.org/TALN/TALN-2016/27.pdf,2016,"Prédiction automatique de fonctions pragmatiques dans les reformulations",fr,,x,,,,x,,,,,,,,,,,,,,,,,,,
FD,http://talnarchives.atala.org/TALN/TALN-2017/15.pdf,2017," Ajout automatique de disfluences pour la synthèse de la parole spontanée : formalisation et preuve de concept ",fr,,x,,,,,x,,,,,,,,,,,,,,,,,,
FD,http://talnarchives.atala.org/TALN/TALN-2017/21.pdf,2017," Normalisation automatique du vocabulaire source pour traduire depuis une langue à morphologie riche ",fr,,x,,,,x,x,,,,,,,x,,,,,,,,,,x,
FD,http://talnarchives.atala.org/TALN/TALN-2017/19.pdf,2017," Représentations continues dérivées des caractères pour un modèle de langue neuronal à vocabulaire ouvert ",fr,,x,,,,,x,,,,,,,x,,,,,,,,,,,
FD,http://talnarchives.atala.org/TALN/TALN-2017/11.pdf,2017," Utilisation d’indices phraséologiques pour évaluer des textes en langue étrangère : comparaison des bigrammes et des trigrammes ",fr,,x,,,,,x,,,,,,,,,,,,,,,,,,
FD,http://talnarchives.atala.org/TALN/TALN-2017/18.pdf,2017," Traitement des Mots Hors Vocabulaire pour la Traduction Automatique de Document OCRisés en Arabe ",fr,,x,,,,,,,,,,,,,,,,,,,x,,,,
FD,http://talnarchives.atala.org/TALN/TALN-2017/14.pdf,2017,"Représentation et analyse automatique des discontinuités syntaxiques dans les corpus arborés en constituants du français",fr,,x,,,,x,,,,,,,,x,,,,,,,,,,,
FD,http://talnarchives.atala.org/TALN/TALN-2018/12.pdf,2018," Étude de la lisibilité des documents de santé avec des méthodes d'oculométrie ",fr,,x,,,,x,,,,,,,,,,,,,,,,,,,
FD,http://talnarchives.atala.org/TALN/TALN-2018/17.pdf,2018," Alignement de termes de longueur variable en corpus comparables spécialisés ",fr,,x,,,,x,x,,,,,,,,,,,,,,,,,,
FD,http://talnarchives.atala.org/TALN/TALN-2018/16.pdf,2018," Etude de la reproductibilité des word embeddings : repérage des zones stables et instables dans le lexique ",fr,,,x,,"BNC, PLOS, ACL (Word2vec?)",,x,,,,,,,,,,,,,,,,,,
FD,http://talnarchives.atala.org/TALN/TALN-2018/22.pdf,2018," Évaluation morphologique pour la traduction automatique : adaptation au français ",fr,,x,,,,x,,,,,,,,,,,,,,,,,,,
FD,http://talnarchives.atala.org/TALN/TALN-2018/31.pdf,2018," Étiquetage en parties du discours de langues peu dotées par spécialisation des plongements lexicaux ",fr,,x,,,"malgache, picard, alsacien",x,,,,,,,,,,,,,,,,,,,x
FD,http://talnarchives.atala.org/TALN/TALN-2018/33.pdf,2018,"Transfert de ressources sémantiques pour l'analyse de sentiments au niveau des aspects",fr,,x,,,,x,x,,,,,,,,x,,,,,,,,,,
FD,http://talnarchives.atala.org/TALN/TALN-2019/46.pdf,2019," Apprentissage de plongements de mots dynamiques avec régularisation de la dérive ",fr,,x,,,,x,x,,,,,,,,,,,,,,,,,,
FD,http://talnarchives.atala.org/TALN/TALN-2019/16.pdf,2019," Apprentissage de plongements lexicaux par une approche réseaux complexes ",fr,,x,,,"1x ""anglais"" mais pour préciser corpus GoogleBooksNgrams",,x,,,,,,,,,,,,,,,,,,
FD,http://talnarchives.atala.org/TALN/TALN-2019/14.pdf,2019," Comparaison qualitative et extrinsèque d'analyseurs syntaxiques du français : confrontation de modèles distributionnels sur un corpus spécialisé ",fr,,x,,,,x,,,,,,,,,,,,,,,,,,,
FD,http://talnarchives.atala.org/TALN/TALN-2019/18.pdf,2019," Compression de vocabulaire de sens grâce aux relations sémantiques pour la désambiguïsation lexicale ",fr,,x,,,,,x,,,,,,,,,,,,,,,,,,
FD,http://talnarchives.atala.org/TALN/TALN-2019/50.pdf,2019," Corpus annoté de cas cliniques en français ",fr,,x,,,,x,,,,,,,,,,,,,,,,,,,
FD,http://talnarchives.atala.org/TALN/TALN-2019/51.pdf,2019,"Un corpus libre, évolutif et versionné en entités nommées du français",fr,,x,,,,x,,,,,,,,,,,,,,,,,,,
FD,http://talnarchives.atala.org/TALN/TALN-2020/77.pdf,2020," Approche de génération de réponse à base de transformers ",fr,,x,,,,x,x,,,,,,,,,,,,,,,,,,
FD,http://talnarchives.atala.org/TALN/TALN-2020/123.pdf,2020," Investigation par méthodes d'apprentissage des spécificités langagières propres aux personnes avec schizophrénie ",fr,,x,,,,x,,,,,,,,,,,,,,,,,,,
FD,http://talnarchives.atala.org/TALN/TALN-2020/120.pdf,2020," Classification de relations pour l'intelligence économique et concurrentielle ",fr,,x,,,,x,,,,,,,,,,,,,,,,,,,
FD,http://talnarchives.atala.org/TALN/TALN-2020/53.pdf,2020," Représentation dynamique et spécifique du contexte textuel pour l'extraction d'événements ",fr,,,,x,"quelques noms d'outils/corpus mais qui semblent multilingues (à vérifier)",,x,,,,,,,,,,,,,,,,,,
FD,http://talnarchives.atala.org/TALN/TALN-2020/151.pdf,2020," Les modèles de langue contextuels Camembert pour le français : impact de la taille et de l'hétérogénéité des données d'entrainement ",fr,,x,,,,x,,,,,,,,,,,,,,,,,,,
FD,http://talnarchives.atala.org/TALN/TALN-2020/152.pdf,2020,"Spiderlex et compagnie",fr,,x,,,,x,x,,,,,,,,,,,,,,,,,,
